index	name	sample_id	analysis_id	row	Tag_count	Group	Tags/Kb
0	TS403L	a4f85ccd7bb94df6affa6868b6ec56d7	dc1a4e95f352400ca00df3a69ad3ea84	1	72822	CDS_Exons	1.92
1	TS403L	a4f85ccd7bb94df6affa6868b6ec56d7	dc1a4e95f352400ca00df3a69ad3ea84	2	6566	5'UTR_Exons	0.35
2	TS403L	a4f85ccd7bb94df6affa6868b6ec56d7	dc1a4e95f352400ca00df3a69ad3ea84	3	32437	3'UTR_Exons	0.68
3	TS403L	a4f85ccd7bb94df6affa6868b6ec56d7	dc1a4e95f352400ca00df3a69ad3ea84	4	88206	Introns	0.06
4	TS403L	a4f85ccd7bb94df6affa6868b6ec56d7	dc1a4e95f352400ca00df3a69ad3ea84	5	336	TSS_up_1kb	0.01
5	TS403L	a4f85ccd7bb94df6affa6868b6ec56d7	dc1a4e95f352400ca00df3a69ad3ea84	6	990	TSS_up_5kb	0.01
6	TS403L	a4f85ccd7bb94df6affa6868b6ec56d7	dc1a4e95f352400ca00df3a69ad3ea84	7	1683	TSS_up_10kb	0.01
7	TS403L	a4f85ccd7bb94df6affa6868b6ec56d7	dc1a4e95f352400ca00df3a69ad3ea84	8	956	TES_down_1kb	0.03
8	TS403L	a4f85ccd7bb94df6affa6868b6ec56d7	dc1a4e95f352400ca00df3a69ad3ea84	9	2623	TES_down_5kb	0.02
9	TS403L	a4f85ccd7bb94df6affa6868b6ec56d7	dc1a4e95f352400ca00df3a69ad3ea84	10	3636	TES_down_10kb	0.02
10	TS404L	2ab6cc6a6f5c43b195c1e8b6337f78da	dc1a4e95f352400ca00df3a69ad3ea84	1	68799	CDS_Exons	1.82
11	TS404L	2ab6cc6a6f5c43b195c1e8b6337f78da	dc1a4e95f352400ca00df3a69ad3ea84	3	31649	3'UTR_Exons	0.66
12	TS404L	2ab6cc6a6f5c43b195c1e8b6337f78da	dc1a4e95f352400ca00df3a69ad3ea84	5	340	TSS_up_1kb	0.01
13	TS404L	2ab6cc6a6f5c43b195c1e8b6337f78da	dc1a4e95f352400ca00df3a69ad3ea84	7	1676	TSS_up_10kb	0.01
14	TS404L	2ab6cc6a6f5c43b195c1e8b6337f78da	dc1a4e95f352400ca00df3a69ad3ea84	9	3292	TES_down_5kb	0.03
15	TS404L	2ab6cc6a6f5c43b195c1e8b6337f78da	dc1a4e95f352400ca00df3a69ad3ea84	2	6666	5'UTR_Exons	0.36
16	TS404L	2ab6cc6a6f5c43b195c1e8b6337f78da	dc1a4e95f352400ca00df3a69ad3ea84	4	90168	Introns	0.06
17	TS404L	2ab6cc6a6f5c43b195c1e8b6337f78da	dc1a4e95f352400ca00df3a69ad3ea84	6	1002	TSS_up_5kb	0.01
18	TS404L	2ab6cc6a6f5c43b195c1e8b6337f78da	dc1a4e95f352400ca00df3a69ad3ea84	8	1479	TES_down_1kb	0.05
19	TS404L	2ab6cc6a6f5c43b195c1e8b6337f78da	dc1a4e95f352400ca00df3a69ad3ea84	10	4334	TES_down_10kb	0.02
20	TS405L	ef760d4148ad42a39d0bde35a43e3b31	dc1a4e95f352400ca00df3a69ad3ea84	1	67637	CDS_Exons	1.78
21	TS405L	ef760d4148ad42a39d0bde35a43e3b31	dc1a4e95f352400ca00df3a69ad3ea84	2	7106	5'UTR_Exons	0.38
22	TS405L	ef760d4148ad42a39d0bde35a43e3b31	dc1a4e95f352400ca00df3a69ad3ea84	3	31008	3'UTR_Exons	0.65
23	TS405L	ef760d4148ad42a39d0bde35a43e3b31	dc1a4e95f352400ca00df3a69ad3ea84	4	89041	Introns	0.06
24	TS405L	ef760d4148ad42a39d0bde35a43e3b31	dc1a4e95f352400ca00df3a69ad3ea84	5	307	TSS_up_1kb	0.01
25	TS405L	ef760d4148ad42a39d0bde35a43e3b31	dc1a4e95f352400ca00df3a69ad3ea84	6	1012	TSS_up_5kb	0.01
26	TS405L	ef760d4148ad42a39d0bde35a43e3b31	dc1a4e95f352400ca00df3a69ad3ea84	7	1762	TSS_up_10kb	0.01
27	TS405L	ef760d4148ad42a39d0bde35a43e3b31	dc1a4e95f352400ca00df3a69ad3ea84	8	1517	TES_down_1kb	0.05
28	TS405L	ef760d4148ad42a39d0bde35a43e3b31	dc1a4e95f352400ca00df3a69ad3ea84	9	3554	TES_down_5kb	0.03
29	TS405L	ef760d4148ad42a39d0bde35a43e3b31	dc1a4e95f352400ca00df3a69ad3ea84	10	4573	TES_down_10kb	0.02
30	TS406L	d6d70896de56460dba860c0e48117074	dc1a4e95f352400ca00df3a69ad3ea84	2	6701	5'UTR_Exons	0.36
31	TS406L	d6d70896de56460dba860c0e48117074	dc1a4e95f352400ca00df3a69ad3ea84	4	90562	Introns	0.06
32	TS406L	d6d70896de56460dba860c0e48117074	dc1a4e95f352400ca00df3a69ad3ea84	6	1067	TSS_up_5kb	0.01
33	TS406L	d6d70896de56460dba860c0e48117074	dc1a4e95f352400ca00df3a69ad3ea84	8	1338	TES_down_1kb	0.05
34	TS406L	d6d70896de56460dba860c0e48117074	dc1a4e95f352400ca00df3a69ad3ea84	10	4442	TES_down_10kb	0.02
35	TS406L	d6d70896de56460dba860c0e48117074	dc1a4e95f352400ca00df3a69ad3ea84	1	68838	CDS_Exons	1.82
36	TS406L	d6d70896de56460dba860c0e48117074	dc1a4e95f352400ca00df3a69ad3ea84	3	31206	3'UTR_Exons	0.65
37	TS406L	d6d70896de56460dba860c0e48117074	dc1a4e95f352400ca00df3a69ad3ea84	5	334	TSS_up_1kb	0.01
38	TS406L	d6d70896de56460dba860c0e48117074	dc1a4e95f352400ca00df3a69ad3ea84	7	1852	TSS_up_10kb	0.01
39	TS406L	d6d70896de56460dba860c0e48117074	dc1a4e95f352400ca00df3a69ad3ea84	9	3356	TES_down_5kb	0.03
40	TS407L	0a3ccf425d40405a827ceb7325a540ca	dc1a4e95f352400ca00df3a69ad3ea84	1	65845	CDS_Exons	1.74
41	TS407L	0a3ccf425d40405a827ceb7325a540ca	dc1a4e95f352400ca00df3a69ad3ea84	2	5782	5'UTR_Exons	0.31
42	TS407L	0a3ccf425d40405a827ceb7325a540ca	dc1a4e95f352400ca00df3a69ad3ea84	3	31810	3'UTR_Exons	0.67
43	TS407L	0a3ccf425d40405a827ceb7325a540ca	dc1a4e95f352400ca00df3a69ad3ea84	4	95064	Introns	0.07
44	TS407L	0a3ccf425d40405a827ceb7325a540ca	dc1a4e95f352400ca00df3a69ad3ea84	5	338	TSS_up_1kb	0.01
45	TS407L	0a3ccf425d40405a827ceb7325a540ca	dc1a4e95f352400ca00df3a69ad3ea84	6	1041	TSS_up_5kb	0.01
46	TS407L	0a3ccf425d40405a827ceb7325a540ca	dc1a4e95f352400ca00df3a69ad3ea84	7	1834	TSS_up_10kb	0.01
47	TS407L	0a3ccf425d40405a827ceb7325a540ca	dc1a4e95f352400ca00df3a69ad3ea84	8	1515	TES_down_1kb	0.05
48	TS407L	0a3ccf425d40405a827ceb7325a540ca	dc1a4e95f352400ca00df3a69ad3ea84	9	3404	TES_down_5kb	0.03
49	TS407L	0a3ccf425d40405a827ceb7325a540ca	dc1a4e95f352400ca00df3a69ad3ea84	10	4417	TES_down_10kb	0.02
50	TS408L	f41aabc88e7d4151a843565a70a2daff	dc1a4e95f352400ca00df3a69ad3ea84	1	67534	CDS_Exons	1.78
51	TS408L	f41aabc88e7d4151a843565a70a2daff	dc1a4e95f352400ca00df3a69ad3ea84	3	31012	3'UTR_Exons	0.65
52	TS408L	f41aabc88e7d4151a843565a70a2daff	dc1a4e95f352400ca00df3a69ad3ea84	5	271	TSS_up_1kb	0.01
53	TS408L	f41aabc88e7d4151a843565a70a2daff	dc1a4e95f352400ca00df3a69ad3ea84	7	1875	TSS_up_10kb	0.01
54	TS408L	f41aabc88e7d4151a843565a70a2daff	dc1a4e95f352400ca00df3a69ad3ea84	9	3757	TES_down_5kb	0.03
55	TS408L	f41aabc88e7d4151a843565a70a2daff	dc1a4e95f352400ca00df3a69ad3ea84	2	6552	5'UTR_Exons	0.35
56	TS408L	f41aabc88e7d4151a843565a70a2daff	dc1a4e95f352400ca00df3a69ad3ea84	4	90998	Introns	0.06
57	TS408L	f41aabc88e7d4151a843565a70a2daff	dc1a4e95f352400ca00df3a69ad3ea84	6	1014	TSS_up_5kb	0.01
58	TS408L	f41aabc88e7d4151a843565a70a2daff	dc1a4e95f352400ca00df3a69ad3ea84	8	1501	TES_down_1kb	0.05
59	TS408L	f41aabc88e7d4151a843565a70a2daff	dc1a4e95f352400ca00df3a69ad3ea84	10	4776	TES_down_10kb	0.02
60	TS409L	d9495e73bfba4d9ba6956d3180cab8a1	dc1a4e95f352400ca00df3a69ad3ea84	2	5942	5'UTR_Exons	0.32
61	TS409L	d9495e73bfba4d9ba6956d3180cab8a1	dc1a4e95f352400ca00df3a69ad3ea84	4	94064	Introns	0.07
62	TS409L	d9495e73bfba4d9ba6956d3180cab8a1	dc1a4e95f352400ca00df3a69ad3ea84	6	1009	TSS_up_5kb	0.01
63	TS409L	d9495e73bfba4d9ba6956d3180cab8a1	dc1a4e95f352400ca00df3a69ad3ea84	8	1743	TES_down_1kb	0.06
64	TS409L	d9495e73bfba4d9ba6956d3180cab8a1	dc1a4e95f352400ca00df3a69ad3ea84	10	4876	TES_down_10kb	0.02
65	TS409L	d9495e73bfba4d9ba6956d3180cab8a1	dc1a4e95f352400ca00df3a69ad3ea84	1	64674	CDS_Exons	1.71
66	TS409L	d9495e73bfba4d9ba6956d3180cab8a1	dc1a4e95f352400ca00df3a69ad3ea84	3	31274	3'UTR_Exons	0.66
67	TS409L	d9495e73bfba4d9ba6956d3180cab8a1	dc1a4e95f352400ca00df3a69ad3ea84	5	277	TSS_up_1kb	0.01
68	TS409L	d9495e73bfba4d9ba6956d3180cab8a1	dc1a4e95f352400ca00df3a69ad3ea84	7	1735	TSS_up_10kb	0.01
69	TS409L	d9495e73bfba4d9ba6956d3180cab8a1	dc1a4e95f352400ca00df3a69ad3ea84	9	3765	TES_down_5kb	0.03
70	TS410L	a33ba665a8084f31be0945c2f54eb894	dc1a4e95f352400ca00df3a69ad3ea84	1	79118	CDS_Exons	2.09
71	TS410L	a33ba665a8084f31be0945c2f54eb894	dc1a4e95f352400ca00df3a69ad3ea84	2	11138	5'UTR_Exons	0.6
72	TS410L	a33ba665a8084f31be0945c2f54eb894	dc1a4e95f352400ca00df3a69ad3ea84	3	29101	3'UTR_Exons	0.61
73	TS410L	a33ba665a8084f31be0945c2f54eb894	dc1a4e95f352400ca00df3a69ad3ea84	4	77101	Introns	0.05
74	TS410L	a33ba665a8084f31be0945c2f54eb894	dc1a4e95f352400ca00df3a69ad3ea84	5	438	TSS_up_1kb	0.02
75	TS410L	a33ba665a8084f31be0945c2f54eb894	dc1a4e95f352400ca00df3a69ad3ea84	6	1177	TSS_up_5kb	0.01
76	TS410L	a33ba665a8084f31be0945c2f54eb894	dc1a4e95f352400ca00df3a69ad3ea84	7	1864	TSS_up_10kb	0.01
77	TS410L	a33ba665a8084f31be0945c2f54eb894	dc1a4e95f352400ca00df3a69ad3ea84	8	776	TES_down_1kb	0.03
78	TS410L	a33ba665a8084f31be0945c2f54eb894	dc1a4e95f352400ca00df3a69ad3ea84	9	2458	TES_down_5kb	0.02
79	TS410L	a33ba665a8084f31be0945c2f54eb894	dc1a4e95f352400ca00df3a69ad3ea84	10	3496	TES_down_10kb	0.02
80	TS411L	d15f4147d6d64b999d63ca205dd6087d	dc1a4e95f352400ca00df3a69ad3ea84	1	71621	CDS_Exons	1.89
81	TS411L	d15f4147d6d64b999d63ca205dd6087d	dc1a4e95f352400ca00df3a69ad3ea84	2	6200	5'UTR_Exons	0.33
82	TS411L	d15f4147d6d64b999d63ca205dd6087d	dc1a4e95f352400ca00df3a69ad3ea84	3	32311	3'UTR_Exons	0.68
83	TS411L	d15f4147d6d64b999d63ca205dd6087d	dc1a4e95f352400ca00df3a69ad3ea84	4	89948	Introns	0.06
84	TS411L	d15f4147d6d64b999d63ca205dd6087d	dc1a4e95f352400ca00df3a69ad3ea84	5	317	TSS_up_1kb	0.01
85	TS411L	d15f4147d6d64b999d63ca205dd6087d	dc1a4e95f352400ca00df3a69ad3ea84	6	1067	TSS_up_5kb	0.01
86	TS411L	d15f4147d6d64b999d63ca205dd6087d	dc1a4e95f352400ca00df3a69ad3ea84	7	1799	TSS_up_10kb	0.01
87	TS411L	d15f4147d6d64b999d63ca205dd6087d	dc1a4e95f352400ca00df3a69ad3ea84	8	1163	TES_down_1kb	0.04
88	TS411L	d15f4147d6d64b999d63ca205dd6087d	dc1a4e95f352400ca00df3a69ad3ea84	9	2875	TES_down_5kb	0.02
89	TS411L	d15f4147d6d64b999d63ca205dd6087d	dc1a4e95f352400ca00df3a69ad3ea84	10	3937	TES_down_10kb	0.02
90	TS412L	0e453f80af994f6080dc8033656b989d	dc1a4e95f352400ca00df3a69ad3ea84	1	71277	CDS_Exons	1.88
91	TS412L	0e453f80af994f6080dc8033656b989d	dc1a4e95f352400ca00df3a69ad3ea84	2	6501	5'UTR_Exons	0.35
92	TS412L	0e453f80af994f6080dc8033656b989d	dc1a4e95f352400ca00df3a69ad3ea84	3	31285	3'UTR_Exons	0.66
93	TS412L	0e453f80af994f6080dc8033656b989d	dc1a4e95f352400ca00df3a69ad3ea84	4	90091	Introns	0.06
94	TS412L	0e453f80af994f6080dc8033656b989d	dc1a4e95f352400ca00df3a69ad3ea84	5	324	TSS_up_1kb	0.01
95	TS412L	0e453f80af994f6080dc8033656b989d	dc1a4e95f352400ca00df3a69ad3ea84	6	1035	TSS_up_5kb	0.01
96	TS412L	0e453f80af994f6080dc8033656b989d	dc1a4e95f352400ca00df3a69ad3ea84	7	1773	TSS_up_10kb	0.01
97	TS412L	0e453f80af994f6080dc8033656b989d	dc1a4e95f352400ca00df3a69ad3ea84	8	1408	TES_down_1kb	0.05
98	TS412L	0e453f80af994f6080dc8033656b989d	dc1a4e95f352400ca00df3a69ad3ea84	9	3133	TES_down_5kb	0.03
99	TS412L	0e453f80af994f6080dc8033656b989d	dc1a4e95f352400ca00df3a69ad3ea84	10	4208	TES_down_10kb	0.02
100	TS413L	15b96879589a462fac87296241376659	dc1a4e95f352400ca00df3a69ad3ea84	1	68527	CDS_Exons	1.81
101	TS413L	15b96879589a462fac87296241376659	dc1a4e95f352400ca00df3a69ad3ea84	3	32519	3'UTR_Exons	0.68
102	TS413L	15b96879589a462fac87296241376659	dc1a4e95f352400ca00df3a69ad3ea84	5	314	TSS_up_1kb	0.01
103	TS413L	15b96879589a462fac87296241376659	dc1a4e95f352400ca00df3a69ad3ea84	7	1789	TSS_up_10kb	0.01
104	TS413L	15b96879589a462fac87296241376659	dc1a4e95f352400ca00df3a69ad3ea84	9	2806	TES_down_5kb	0.02
105	TS413L	15b96879589a462fac87296241376659	dc1a4e95f352400ca00df3a69ad3ea84	2	5797	5'UTR_Exons	0.31
106	TS413L	15b96879589a462fac87296241376659	dc1a4e95f352400ca00df3a69ad3ea84	4	93789	Introns	0.07
107	TS413L	15b96879589a462fac87296241376659	dc1a4e95f352400ca00df3a69ad3ea84	6	1007	TSS_up_5kb	0.01
108	TS413L	15b96879589a462fac87296241376659	dc1a4e95f352400ca00df3a69ad3ea84	8	1115	TES_down_1kb	0.04
109	TS413L	15b96879589a462fac87296241376659	dc1a4e95f352400ca00df3a69ad3ea84	10	3848	TES_down_10kb	0.02
110	TS414L	0d7b2d2c575d4541808ee84463576cdc	dc1a4e95f352400ca00df3a69ad3ea84	1	68589	CDS_Exons	1.81
111	TS414L	0d7b2d2c575d4541808ee84463576cdc	dc1a4e95f352400ca00df3a69ad3ea84	2	5729	5'UTR_Exons	0.31
112	TS414L	0d7b2d2c575d4541808ee84463576cdc	dc1a4e95f352400ca00df3a69ad3ea84	3	32633	3'UTR_Exons	0.68
113	TS414L	0d7b2d2c575d4541808ee84463576cdc	dc1a4e95f352400ca00df3a69ad3ea84	4	93298	Introns	0.06
114	TS414L	0d7b2d2c575d4541808ee84463576cdc	dc1a4e95f352400ca00df3a69ad3ea84	5	304	TSS_up_1kb	0.01
115	TS414L	0d7b2d2c575d4541808ee84463576cdc	dc1a4e95f352400ca00df3a69ad3ea84	6	1008	TSS_up_5kb	0.01
116	TS414L	0d7b2d2c575d4541808ee84463576cdc	dc1a4e95f352400ca00df3a69ad3ea84	7	1797	TSS_up_10kb	0.01
117	TS414L	0d7b2d2c575d4541808ee84463576cdc	dc1a4e95f352400ca00df3a69ad3ea84	8	1225	TES_down_1kb	0.04
118	TS414L	0d7b2d2c575d4541808ee84463576cdc	dc1a4e95f352400ca00df3a69ad3ea84	9	2896	TES_down_5kb	0.02
119	TS414L	0d7b2d2c575d4541808ee84463576cdc	dc1a4e95f352400ca00df3a69ad3ea84	10	3823	TES_down_10kb	0.02
120	TS415L	56dcd9955bad4e93b072498f0eb8c914	dc1a4e95f352400ca00df3a69ad3ea84	1	70009	CDS_Exons	1.85
121	TS415L	56dcd9955bad4e93b072498f0eb8c914	dc1a4e95f352400ca00df3a69ad3ea84	2	5930	5'UTR_Exons	0.32
122	TS415L	56dcd9955bad4e93b072498f0eb8c914	dc1a4e95f352400ca00df3a69ad3ea84	3	32357	3'UTR_Exons	0.68
123	TS415L	56dcd9955bad4e93b072498f0eb8c914	dc1a4e95f352400ca00df3a69ad3ea84	4	92805	Introns	0.06
124	TS415L	56dcd9955bad4e93b072498f0eb8c914	dc1a4e95f352400ca00df3a69ad3ea84	5	324	TSS_up_1kb	0.01
125	TS415L	56dcd9955bad4e93b072498f0eb8c914	dc1a4e95f352400ca00df3a69ad3ea84	6	1049	TSS_up_5kb	0.01
126	TS415L	56dcd9955bad4e93b072498f0eb8c914	dc1a4e95f352400ca00df3a69ad3ea84	7	1806	TSS_up_10kb	0.01
127	TS415L	56dcd9955bad4e93b072498f0eb8c914	dc1a4e95f352400ca00df3a69ad3ea84	8	1295	TES_down_1kb	0.05
128	TS415L	56dcd9955bad4e93b072498f0eb8c914	dc1a4e95f352400ca00df3a69ad3ea84	9	2866	TES_down_5kb	0.02
129	TS415L	56dcd9955bad4e93b072498f0eb8c914	dc1a4e95f352400ca00df3a69ad3ea84	10	3880	TES_down_10kb	0.02
130	TS416L	783972d1f35c4947a9c49450f3330a24	dc1a4e95f352400ca00df3a69ad3ea84	1	70590	CDS_Exons	1.86
131	TS416L	783972d1f35c4947a9c49450f3330a24	dc1a4e95f352400ca00df3a69ad3ea84	3	32492	3'UTR_Exons	0.68
132	TS416L	783972d1f35c4947a9c49450f3330a24	dc1a4e95f352400ca00df3a69ad3ea84	5	303	TSS_up_1kb	0.01
133	TS416L	783972d1f35c4947a9c49450f3330a24	dc1a4e95f352400ca00df3a69ad3ea84	7	1810	TSS_up_10kb	0.01
134	TS416L	783972d1f35c4947a9c49450f3330a24	dc1a4e95f352400ca00df3a69ad3ea84	9	2931	TES_down_5kb	0.02
135	TS416L	783972d1f35c4947a9c49450f3330a24	dc1a4e95f352400ca00df3a69ad3ea84	2	5958	5'UTR_Exons	0.32
136	TS416L	783972d1f35c4947a9c49450f3330a24	dc1a4e95f352400ca00df3a69ad3ea84	4	91385	Introns	0.06
137	TS416L	783972d1f35c4947a9c49450f3330a24	dc1a4e95f352400ca00df3a69ad3ea84	6	978	TSS_up_5kb	0.01
138	TS416L	783972d1f35c4947a9c49450f3330a24	dc1a4e95f352400ca00df3a69ad3ea84	8	1267	TES_down_1kb	0.05
139	TS416L	783972d1f35c4947a9c49450f3330a24	dc1a4e95f352400ca00df3a69ad3ea84	10	3969	TES_down_10kb	0.02
140	TS417L	8c17b2d757af4ea282ed04348ae2c6f0	dc1a4e95f352400ca00df3a69ad3ea84	1	69243	CDS_Exons	1.83
141	TS417L	8c17b2d757af4ea282ed04348ae2c6f0	dc1a4e95f352400ca00df3a69ad3ea84	2	5821	5'UTR_Exons	0.31
142	TS417L	8c17b2d757af4ea282ed04348ae2c6f0	dc1a4e95f352400ca00df3a69ad3ea84	3	32314	3'UTR_Exons	0.68
143	TS417L	8c17b2d757af4ea282ed04348ae2c6f0	dc1a4e95f352400ca00df3a69ad3ea84	4	92754	Introns	0.06
144	TS417L	8c17b2d757af4ea282ed04348ae2c6f0	dc1a4e95f352400ca00df3a69ad3ea84	5	320	TSS_up_1kb	0.01
145	TS417L	8c17b2d757af4ea282ed04348ae2c6f0	dc1a4e95f352400ca00df3a69ad3ea84	6	1033	TSS_up_5kb	0.01
146	TS417L	8c17b2d757af4ea282ed04348ae2c6f0	dc1a4e95f352400ca00df3a69ad3ea84	7	1805	TSS_up_10kb	0.01
147	TS417L	8c17b2d757af4ea282ed04348ae2c6f0	dc1a4e95f352400ca00df3a69ad3ea84	8	1271	TES_down_1kb	0.05
148	TS417L	8c17b2d757af4ea282ed04348ae2c6f0	dc1a4e95f352400ca00df3a69ad3ea84	9	3044	TES_down_5kb	0.03
149	TS417L	8c17b2d757af4ea282ed04348ae2c6f0	dc1a4e95f352400ca00df3a69ad3ea84	10	4136	TES_down_10kb	0.02
150	TS418L	85e1e1c7dde74464aaf43ca0b0107dbe	dc1a4e95f352400ca00df3a69ad3ea84	2	6498	5'UTR_Exons	0.35
151	TS418L	85e1e1c7dde74464aaf43ca0b0107dbe	dc1a4e95f352400ca00df3a69ad3ea84	4	90425	Introns	0.06
152	TS418L	85e1e1c7dde74464aaf43ca0b0107dbe	dc1a4e95f352400ca00df3a69ad3ea84	6	1045	TSS_up_5kb	0.01
153	TS418L	85e1e1c7dde74464aaf43ca0b0107dbe	dc1a4e95f352400ca00df3a69ad3ea84	8	1530	TES_down_1kb	0.06
154	TS418L	85e1e1c7dde74464aaf43ca0b0107dbe	dc1a4e95f352400ca00df3a69ad3ea84	10	4362	TES_down_10kb	0.02
155	TS418L	85e1e1c7dde74464aaf43ca0b0107dbe	dc1a4e95f352400ca00df3a69ad3ea84	1	71511	CDS_Exons	1.89
156	TS418L	85e1e1c7dde74464aaf43ca0b0107dbe	dc1a4e95f352400ca00df3a69ad3ea84	3	32001	3'UTR_Exons	0.67
157	TS418L	85e1e1c7dde74464aaf43ca0b0107dbe	dc1a4e95f352400ca00df3a69ad3ea84	5	322	TSS_up_1kb	0.01
158	TS418L	85e1e1c7dde74464aaf43ca0b0107dbe	dc1a4e95f352400ca00df3a69ad3ea84	7	1804	TSS_up_10kb	0.01
159	TS418L	85e1e1c7dde74464aaf43ca0b0107dbe	dc1a4e95f352400ca00df3a69ad3ea84	9	3321	TES_down_5kb	0.03
160	TS419L	849140b581784cebb9204876f0eeec96	dc1a4e95f352400ca00df3a69ad3ea84	1	70390	CDS_Exons	1.86
161	TS419L	849140b581784cebb9204876f0eeec96	dc1a4e95f352400ca00df3a69ad3ea84	2	5201	5'UTR_Exons	0.28
162	TS419L	849140b581784cebb9204876f0eeec96	dc1a4e95f352400ca00df3a69ad3ea84	3	30245	3'UTR_Exons	0.63
163	TS419L	849140b581784cebb9204876f0eeec96	dc1a4e95f352400ca00df3a69ad3ea84	4	94705	Introns	0.07
164	TS419L	849140b581784cebb9204876f0eeec96	dc1a4e95f352400ca00df3a69ad3ea84	5	282	TSS_up_1kb	0.01
165	TS419L	849140b581784cebb9204876f0eeec96	dc1a4e95f352400ca00df3a69ad3ea84	6	1004	TSS_up_5kb	0.01
166	TS419L	849140b581784cebb9204876f0eeec96	dc1a4e95f352400ca00df3a69ad3ea84	7	1770	TSS_up_10kb	0.01
167	TS419L	849140b581784cebb9204876f0eeec96	dc1a4e95f352400ca00df3a69ad3ea84	8	1147	TES_down_1kb	0.04
168	TS419L	849140b581784cebb9204876f0eeec96	dc1a4e95f352400ca00df3a69ad3ea84	9	3283	TES_down_5kb	0.03
169	TS419L	849140b581784cebb9204876f0eeec96	dc1a4e95f352400ca00df3a69ad3ea84	10	4575	TES_down_10kb	0.02
170	TS420L	cd1a4219cc2843a6a10c799fb1abf2b4	dc1a4e95f352400ca00df3a69ad3ea84	2	5308	5'UTR_Exons	0.28
171	TS420L	cd1a4219cc2843a6a10c799fb1abf2b4	dc1a4e95f352400ca00df3a69ad3ea84	4	95973	Introns	0.07
172	TS420L	cd1a4219cc2843a6a10c799fb1abf2b4	dc1a4e95f352400ca00df3a69ad3ea84	6	1045	TSS_up_5kb	0.01
173	TS420L	cd1a4219cc2843a6a10c799fb1abf2b4	dc1a4e95f352400ca00df3a69ad3ea84	8	1085	TES_down_1kb	0.04
174	TS420L	cd1a4219cc2843a6a10c799fb1abf2b4	dc1a4e95f352400ca00df3a69ad3ea84	10	4313	TES_down_10kb	0.02
175	TS420L	cd1a4219cc2843a6a10c799fb1abf2b4	dc1a4e95f352400ca00df3a69ad3ea84	1	68865	CDS_Exons	1.82
176	TS420L	cd1a4219cc2843a6a10c799fb1abf2b4	dc1a4e95f352400ca00df3a69ad3ea84	3	30531	3'UTR_Exons	0.64
177	TS420L	cd1a4219cc2843a6a10c799fb1abf2b4	dc1a4e95f352400ca00df3a69ad3ea84	5	294	TSS_up_1kb	0.01
178	TS420L	cd1a4219cc2843a6a10c799fb1abf2b4	dc1a4e95f352400ca00df3a69ad3ea84	7	1866	TSS_up_10kb	0.01
179	TS420L	cd1a4219cc2843a6a10c799fb1abf2b4	dc1a4e95f352400ca00df3a69ad3ea84	9	3039	TES_down_5kb	0.03
180	TS421L	efe3f144854444a196188ab924bd0d98	dc1a4e95f352400ca00df3a69ad3ea84	1	71038	CDS_Exons	1.87
181	TS421L	efe3f144854444a196188ab924bd0d98	dc1a4e95f352400ca00df3a69ad3ea84	3	30473	3'UTR_Exons	0.64
182	TS421L	efe3f144854444a196188ab924bd0d98	dc1a4e95f352400ca00df3a69ad3ea84	5	279	TSS_up_1kb	0.01
183	TS421L	efe3f144854444a196188ab924bd0d98	dc1a4e95f352400ca00df3a69ad3ea84	7	1924	TSS_up_10kb	0.01
184	TS421L	efe3f144854444a196188ab924bd0d98	dc1a4e95f352400ca00df3a69ad3ea84	9	3215	TES_down_5kb	0.03
185	TS421L	efe3f144854444a196188ab924bd0d98	dc1a4e95f352400ca00df3a69ad3ea84	2	5550	5'UTR_Exons	0.3
186	TS421L	efe3f144854444a196188ab924bd0d98	dc1a4e95f352400ca00df3a69ad3ea84	4	93760	Introns	0.07
187	TS421L	efe3f144854444a196188ab924bd0d98	dc1a4e95f352400ca00df3a69ad3ea84	6	1040	TSS_up_5kb	0.01
188	TS421L	efe3f144854444a196188ab924bd0d98	dc1a4e95f352400ca00df3a69ad3ea84	8	1159	TES_down_1kb	0.04
189	TS421L	efe3f144854444a196188ab924bd0d98	dc1a4e95f352400ca00df3a69ad3ea84	10	4420	TES_down_10kb	0.02
190	TS422L	8028b5009d704fddb850e3d562f35750	dc1a4e95f352400ca00df3a69ad3ea84	1	70218	CDS_Exons	1.85
191	TS422L	8028b5009d704fddb850e3d562f35750	dc1a4e95f352400ca00df3a69ad3ea84	2	5647	5'UTR_Exons	0.3
192	TS422L	8028b5009d704fddb850e3d562f35750	dc1a4e95f352400ca00df3a69ad3ea84	3	31139	3'UTR_Exons	0.65
193	TS422L	8028b5009d704fddb850e3d562f35750	dc1a4e95f352400ca00df3a69ad3ea84	4	93586	Introns	0.06
194	TS422L	8028b5009d704fddb850e3d562f35750	dc1a4e95f352400ca00df3a69ad3ea84	5	314	TSS_up_1kb	0.01
195	TS422L	8028b5009d704fddb850e3d562f35750	dc1a4e95f352400ca00df3a69ad3ea84	6	1110	TSS_up_5kb	0.01
196	TS422L	8028b5009d704fddb850e3d562f35750	dc1a4e95f352400ca00df3a69ad3ea84	7	1986	TSS_up_10kb	0.01
197	TS422L	8028b5009d704fddb850e3d562f35750	dc1a4e95f352400ca00df3a69ad3ea84	8	1224	TES_down_1kb	0.04
198	TS422L	8028b5009d704fddb850e3d562f35750	dc1a4e95f352400ca00df3a69ad3ea84	9	3241	TES_down_5kb	0.03
199	TS422L	8028b5009d704fddb850e3d562f35750	dc1a4e95f352400ca00df3a69ad3ea84	10	4451	TES_down_10kb	0.02
200	TS423L	b7b073700c8a49cfaf0b63412cc8f15a	dc1a4e95f352400ca00df3a69ad3ea84	1	71285	CDS_Exons	1.88
201	TS423L	b7b073700c8a49cfaf0b63412cc8f15a	dc1a4e95f352400ca00df3a69ad3ea84	2	5484	5'UTR_Exons	0.29
202	TS423L	b7b073700c8a49cfaf0b63412cc8f15a	dc1a4e95f352400ca00df3a69ad3ea84	3	30557	3'UTR_Exons	0.64
203	TS423L	b7b073700c8a49cfaf0b63412cc8f15a	dc1a4e95f352400ca00df3a69ad3ea84	4	94193	Introns	0.07
204	TS423L	b7b073700c8a49cfaf0b63412cc8f15a	dc1a4e95f352400ca00df3a69ad3ea84	5	293	TSS_up_1kb	0.01
205	TS423L	b7b073700c8a49cfaf0b63412cc8f15a	dc1a4e95f352400ca00df3a69ad3ea84	6	1035	TSS_up_5kb	0.01
206	TS423L	b7b073700c8a49cfaf0b63412cc8f15a	dc1a4e95f352400ca00df3a69ad3ea84	7	1831	TSS_up_10kb	0.01
207	TS423L	b7b073700c8a49cfaf0b63412cc8f15a	dc1a4e95f352400ca00df3a69ad3ea84	8	938	TES_down_1kb	0.03
208	TS423L	b7b073700c8a49cfaf0b63412cc8f15a	dc1a4e95f352400ca00df3a69ad3ea84	9	2906	TES_down_5kb	0.02
209	TS423L	b7b073700c8a49cfaf0b63412cc8f15a	dc1a4e95f352400ca00df3a69ad3ea84	10	4208	TES_down_10kb	0.02
210	TS424L	a301de296aec4e96a401b2d5afb38080	dc1a4e95f352400ca00df3a69ad3ea84	1	71335	CDS_Exons	1.88
211	TS424L	a301de296aec4e96a401b2d5afb38080	dc1a4e95f352400ca00df3a69ad3ea84	2	5485	5'UTR_Exons	0.29
212	TS424L	a301de296aec4e96a401b2d5afb38080	dc1a4e95f352400ca00df3a69ad3ea84	3	30520	3'UTR_Exons	0.64
213	TS424L	a301de296aec4e96a401b2d5afb38080	dc1a4e95f352400ca00df3a69ad3ea84	4	92989	Introns	0.06
214	TS424L	a301de296aec4e96a401b2d5afb38080	dc1a4e95f352400ca00df3a69ad3ea84	5	265	TSS_up_1kb	0.01
215	TS424L	a301de296aec4e96a401b2d5afb38080	dc1a4e95f352400ca00df3a69ad3ea84	6	1038	TSS_up_5kb	0.01
216	TS424L	a301de296aec4e96a401b2d5afb38080	dc1a4e95f352400ca00df3a69ad3ea84	7	1886	TSS_up_10kb	0.01
217	TS424L	a301de296aec4e96a401b2d5afb38080	dc1a4e95f352400ca00df3a69ad3ea84	8	1159	TES_down_1kb	0.04
218	TS424L	a301de296aec4e96a401b2d5afb38080	dc1a4e95f352400ca00df3a69ad3ea84	9	3075	TES_down_5kb	0.03
219	TS424L	a301de296aec4e96a401b2d5afb38080	dc1a4e95f352400ca00df3a69ad3ea84	10	4201	TES_down_10kb	0.02
220	TS425L	e37aa39864354bdd88ad3950cbcff322	dc1a4e95f352400ca00df3a69ad3ea84	1	72105	CDS_Exons	1.9
221	TS425L	e37aa39864354bdd88ad3950cbcff322	dc1a4e95f352400ca00df3a69ad3ea84	2	5827	5'UTR_Exons	0.31
222	TS425L	e37aa39864354bdd88ad3950cbcff322	dc1a4e95f352400ca00df3a69ad3ea84	3	30155	3'UTR_Exons	0.63
223	TS425L	e37aa39864354bdd88ad3950cbcff322	dc1a4e95f352400ca00df3a69ad3ea84	4	92484	Introns	0.06
224	TS425L	e37aa39864354bdd88ad3950cbcff322	dc1a4e95f352400ca00df3a69ad3ea84	5	296	TSS_up_1kb	0.01
225	TS425L	e37aa39864354bdd88ad3950cbcff322	dc1a4e95f352400ca00df3a69ad3ea84	6	1057	TSS_up_5kb	0.01
226	TS425L	e37aa39864354bdd88ad3950cbcff322	dc1a4e95f352400ca00df3a69ad3ea84	7	1897	TSS_up_10kb	0.01
227	TS425L	e37aa39864354bdd88ad3950cbcff322	dc1a4e95f352400ca00df3a69ad3ea84	8	1111	TES_down_1kb	0.04
228	TS425L	e37aa39864354bdd88ad3950cbcff322	dc1a4e95f352400ca00df3a69ad3ea84	9	3201	TES_down_5kb	0.03
229	TS425L	e37aa39864354bdd88ad3950cbcff322	dc1a4e95f352400ca00df3a69ad3ea84	10	4424	TES_down_10kb	0.02
230	TS426L	ab6cc2854a5943479cdda8ec09b9f01d	dc1a4e95f352400ca00df3a69ad3ea84	1	72035	CDS_Exons	1.9
231	TS426L	ab6cc2854a5943479cdda8ec09b9f01d	dc1a4e95f352400ca00df3a69ad3ea84	2	6156	5'UTR_Exons	0.33
232	TS426L	ab6cc2854a5943479cdda8ec09b9f01d	dc1a4e95f352400ca00df3a69ad3ea84	3	30206	3'UTR_Exons	0.63
233	TS426L	ab6cc2854a5943479cdda8ec09b9f01d	dc1a4e95f352400ca00df3a69ad3ea84	4	90625	Introns	0.06
234	TS426L	ab6cc2854a5943479cdda8ec09b9f01d	dc1a4e95f352400ca00df3a69ad3ea84	5	340	TSS_up_1kb	0.01
235	TS426L	ab6cc2854a5943479cdda8ec09b9f01d	dc1a4e95f352400ca00df3a69ad3ea84	6	1090	TSS_up_5kb	0.01
236	TS426L	ab6cc2854a5943479cdda8ec09b9f01d	dc1a4e95f352400ca00df3a69ad3ea84	7	1947	TSS_up_10kb	0.01
237	TS426L	ab6cc2854a5943479cdda8ec09b9f01d	dc1a4e95f352400ca00df3a69ad3ea84	8	1340	TES_down_1kb	0.05
238	TS426L	ab6cc2854a5943479cdda8ec09b9f01d	dc1a4e95f352400ca00df3a69ad3ea84	9	3596	TES_down_5kb	0.03
239	TS426L	ab6cc2854a5943479cdda8ec09b9f01d	dc1a4e95f352400ca00df3a69ad3ea84	10	4889	TES_down_10kb	0.02
240	TS427L	5be8dece924949cba1a388153eced081	dc1a4e95f352400ca00df3a69ad3ea84	2	5555	5'UTR_Exons	0.3
241	TS427L	5be8dece924949cba1a388153eced081	dc1a4e95f352400ca00df3a69ad3ea84	4	93591	Introns	0.06
242	TS427L	5be8dece924949cba1a388153eced081	dc1a4e95f352400ca00df3a69ad3ea84	6	1050	TSS_up_5kb	0.01
243	TS427L	5be8dece924949cba1a388153eced081	dc1a4e95f352400ca00df3a69ad3ea84	8	947	TES_down_1kb	0.03
244	TS427L	5be8dece924949cba1a388153eced081	dc1a4e95f352400ca00df3a69ad3ea84	10	4288	TES_down_10kb	0.02
245	TS427L	5be8dece924949cba1a388153eced081	dc1a4e95f352400ca00df3a69ad3ea84	1	71718	CDS_Exons	1.89
246	TS427L	5be8dece924949cba1a388153eced081	dc1a4e95f352400ca00df3a69ad3ea84	3	31061	3'UTR_Exons	0.65
247	TS427L	5be8dece924949cba1a388153eced081	dc1a4e95f352400ca00df3a69ad3ea84	5	292	TSS_up_1kb	0.01
248	TS427L	5be8dece924949cba1a388153eced081	dc1a4e95f352400ca00df3a69ad3ea84	7	1853	TSS_up_10kb	0.01
249	TS427L	5be8dece924949cba1a388153eced081	dc1a4e95f352400ca00df3a69ad3ea84	9	2985	TES_down_5kb	0.02
250	TS428L	8a296b73a2004fbcb2275b25df7d315a	dc1a4e95f352400ca00df3a69ad3ea84	1	72783	CDS_Exons	1.92
251	TS428L	8a296b73a2004fbcb2275b25df7d315a	dc1a4e95f352400ca00df3a69ad3ea84	2	5409	5'UTR_Exons	0.29
252	TS428L	8a296b73a2004fbcb2275b25df7d315a	dc1a4e95f352400ca00df3a69ad3ea84	3	30038	3'UTR_Exons	0.63
253	TS428L	8a296b73a2004fbcb2275b25df7d315a	dc1a4e95f352400ca00df3a69ad3ea84	4	94136	Introns	0.07
254	TS428L	8a296b73a2004fbcb2275b25df7d315a	dc1a4e95f352400ca00df3a69ad3ea84	5	295	TSS_up_1kb	0.01
255	TS428L	8a296b73a2004fbcb2275b25df7d315a	dc1a4e95f352400ca00df3a69ad3ea84	6	1105	TSS_up_5kb	0.01
256	TS428L	8a296b73a2004fbcb2275b25df7d315a	dc1a4e95f352400ca00df3a69ad3ea84	7	1935	TSS_up_10kb	0.01
257	TS428L	8a296b73a2004fbcb2275b25df7d315a	dc1a4e95f352400ca00df3a69ad3ea84	8	1069	TES_down_1kb	0.04
258	TS428L	8a296b73a2004fbcb2275b25df7d315a	dc1a4e95f352400ca00df3a69ad3ea84	9	2929	TES_down_5kb	0.02
259	TS428L	8a296b73a2004fbcb2275b25df7d315a	dc1a4e95f352400ca00df3a69ad3ea84	10	4197	TES_down_10kb	0.02
260	TS429L	a60bbd6b11394c0fbb2bab6fbde79210	dc1a4e95f352400ca00df3a69ad3ea84	1	71013	CDS_Exons	1.87
261	TS429L	a60bbd6b11394c0fbb2bab6fbde79210	dc1a4e95f352400ca00df3a69ad3ea84	2	5758	5'UTR_Exons	0.31
262	TS429L	a60bbd6b11394c0fbb2bab6fbde79210	dc1a4e95f352400ca00df3a69ad3ea84	3	30218	3'UTR_Exons	0.63
263	TS429L	a60bbd6b11394c0fbb2bab6fbde79210	dc1a4e95f352400ca00df3a69ad3ea84	4	93571	Introns	0.06
264	TS429L	a60bbd6b11394c0fbb2bab6fbde79210	dc1a4e95f352400ca00df3a69ad3ea84	5	278	TSS_up_1kb	0.01
265	TS429L	a60bbd6b11394c0fbb2bab6fbde79210	dc1a4e95f352400ca00df3a69ad3ea84	6	1010	TSS_up_5kb	0.01
266	TS429L	a60bbd6b11394c0fbb2bab6fbde79210	dc1a4e95f352400ca00df3a69ad3ea84	7	1776	TSS_up_10kb	0.01
267	TS429L	a60bbd6b11394c0fbb2bab6fbde79210	dc1a4e95f352400ca00df3a69ad3ea84	8	1126	TES_down_1kb	0.04
268	TS429L	a60bbd6b11394c0fbb2bab6fbde79210	dc1a4e95f352400ca00df3a69ad3ea84	9	3113	TES_down_5kb	0.03
269	TS429L	a60bbd6b11394c0fbb2bab6fbde79210	dc1a4e95f352400ca00df3a69ad3ea84	10	4381	TES_down_10kb	0.02
270	TS430L	89e83661154e43c68c2b5c0e6f244d33	dc1a4e95f352400ca00df3a69ad3ea84	1	69285	CDS_Exons	1.83
271	TS430L	89e83661154e43c68c2b5c0e6f244d33	dc1a4e95f352400ca00df3a69ad3ea84	2	5327	5'UTR_Exons	0.28
272	TS430L	89e83661154e43c68c2b5c0e6f244d33	dc1a4e95f352400ca00df3a69ad3ea84	3	31234	3'UTR_Exons	0.66
273	TS430L	89e83661154e43c68c2b5c0e6f244d33	dc1a4e95f352400ca00df3a69ad3ea84	4	94702	Introns	0.07
274	TS430L	89e83661154e43c68c2b5c0e6f244d33	dc1a4e95f352400ca00df3a69ad3ea84	5	313	TSS_up_1kb	0.01
275	TS430L	89e83661154e43c68c2b5c0e6f244d33	dc1a4e95f352400ca00df3a69ad3ea84	6	1060	TSS_up_5kb	0.01
276	TS430L	89e83661154e43c68c2b5c0e6f244d33	dc1a4e95f352400ca00df3a69ad3ea84	7	1928	TSS_up_10kb	0.01
277	TS430L	89e83661154e43c68c2b5c0e6f244d33	dc1a4e95f352400ca00df3a69ad3ea84	8	1097	TES_down_1kb	0.04
278	TS430L	89e83661154e43c68c2b5c0e6f244d33	dc1a4e95f352400ca00df3a69ad3ea84	9	2991	TES_down_5kb	0.02
279	TS430L	89e83661154e43c68c2b5c0e6f244d33	dc1a4e95f352400ca00df3a69ad3ea84	10	4175	TES_down_10kb	0.02
280	TS431L	6968be940ca542209a556e818acdc067	dc1a4e95f352400ca00df3a69ad3ea84	1	72465	CDS_Exons	1.91
281	TS431L	6968be940ca542209a556e818acdc067	dc1a4e95f352400ca00df3a69ad3ea84	3	28545	3'UTR_Exons	0.6
282	TS431L	6968be940ca542209a556e818acdc067	dc1a4e95f352400ca00df3a69ad3ea84	5	342	TSS_up_1kb	0.01
283	TS431L	6968be940ca542209a556e818acdc067	dc1a4e95f352400ca00df3a69ad3ea84	7	2041	TSS_up_10kb	0.01
284	TS431L	6968be940ca542209a556e818acdc067	dc1a4e95f352400ca00df3a69ad3ea84	9	3125	TES_down_5kb	0.03
285	TS431L	6968be940ca542209a556e818acdc067	dc1a4e95f352400ca00df3a69ad3ea84	2	5889	5'UTR_Exons	0.31
286	TS431L	6968be940ca542209a556e818acdc067	dc1a4e95f352400ca00df3a69ad3ea84	4	94092	Introns	0.07
287	TS431L	6968be940ca542209a556e818acdc067	dc1a4e95f352400ca00df3a69ad3ea84	6	1185	TSS_up_5kb	0.01
288	TS431L	6968be940ca542209a556e818acdc067	dc1a4e95f352400ca00df3a69ad3ea84	8	1091	TES_down_1kb	0.04
289	TS431L	6968be940ca542209a556e818acdc067	dc1a4e95f352400ca00df3a69ad3ea84	10	4424	TES_down_10kb	0.02
290	TS432L	819ba00fec6d49e3ad69a959d836dac4	dc1a4e95f352400ca00df3a69ad3ea84	1	70027	CDS_Exons	1.85
291	TS432L	819ba00fec6d49e3ad69a959d836dac4	dc1a4e95f352400ca00df3a69ad3ea84	2	5272	5'UTR_Exons	0.28
292	TS432L	819ba00fec6d49e3ad69a959d836dac4	dc1a4e95f352400ca00df3a69ad3ea84	3	31124	3'UTR_Exons	0.65
293	TS432L	819ba00fec6d49e3ad69a959d836dac4	dc1a4e95f352400ca00df3a69ad3ea84	4	94955	Introns	0.07
294	TS432L	819ba00fec6d49e3ad69a959d836dac4	dc1a4e95f352400ca00df3a69ad3ea84	5	327	TSS_up_1kb	0.01
295	TS432L	819ba00fec6d49e3ad69a959d836dac4	dc1a4e95f352400ca00df3a69ad3ea84	6	1044	TSS_up_5kb	0.01
296	TS432L	819ba00fec6d49e3ad69a959d836dac4	dc1a4e95f352400ca00df3a69ad3ea84	7	1821	TSS_up_10kb	0.01
297	TS432L	819ba00fec6d49e3ad69a959d836dac4	dc1a4e95f352400ca00df3a69ad3ea84	8	984	TES_down_1kb	0.04
298	TS432L	819ba00fec6d49e3ad69a959d836dac4	dc1a4e95f352400ca00df3a69ad3ea84	9	2898	TES_down_5kb	0.02
299	TS432L	819ba00fec6d49e3ad69a959d836dac4	dc1a4e95f352400ca00df3a69ad3ea84	10	4083	TES_down_10kb	0.02
300	TS433L	74b93e3144f541e18f4f6dad29de72d8	dc1a4e95f352400ca00df3a69ad3ea84	1	69304	CDS_Exons	1.83
301	TS433L	74b93e3144f541e18f4f6dad29de72d8	dc1a4e95f352400ca00df3a69ad3ea84	2	5318	5'UTR_Exons	0.28
302	TS433L	74b93e3144f541e18f4f6dad29de72d8	dc1a4e95f352400ca00df3a69ad3ea84	3	31172	3'UTR_Exons	0.65
303	TS433L	74b93e3144f541e18f4f6dad29de72d8	dc1a4e95f352400ca00df3a69ad3ea84	4	95181	Introns	0.07
304	TS433L	74b93e3144f541e18f4f6dad29de72d8	dc1a4e95f352400ca00df3a69ad3ea84	5	298	TSS_up_1kb	0.01
305	TS433L	74b93e3144f541e18f4f6dad29de72d8	dc1a4e95f352400ca00df3a69ad3ea84	6	1094	TSS_up_5kb	0.01
306	TS433L	74b93e3144f541e18f4f6dad29de72d8	dc1a4e95f352400ca00df3a69ad3ea84	7	1889	TSS_up_10kb	0.01
307	TS433L	74b93e3144f541e18f4f6dad29de72d8	dc1a4e95f352400ca00df3a69ad3ea84	8	1024	TES_down_1kb	0.04
308	TS433L	74b93e3144f541e18f4f6dad29de72d8	dc1a4e95f352400ca00df3a69ad3ea84	9	3081	TES_down_5kb	0.03
309	TS433L	74b93e3144f541e18f4f6dad29de72d8	dc1a4e95f352400ca00df3a69ad3ea84	10	4388	TES_down_10kb	0.02
310	TS434L	a6de7399cb964522896c8d086f165597	dc1a4e95f352400ca00df3a69ad3ea84	1	70502	CDS_Exons	1.86
311	TS434L	a6de7399cb964522896c8d086f165597	dc1a4e95f352400ca00df3a69ad3ea84	2	5710	5'UTR_Exons	0.31
312	TS434L	a6de7399cb964522896c8d086f165597	dc1a4e95f352400ca00df3a69ad3ea84	3	30864	3'UTR_Exons	0.65
313	TS434L	a6de7399cb964522896c8d086f165597	dc1a4e95f352400ca00df3a69ad3ea84	4	93632	Introns	0.06
314	TS434L	a6de7399cb964522896c8d086f165597	dc1a4e95f352400ca00df3a69ad3ea84	5	321	TSS_up_1kb	0.01
315	TS434L	a6de7399cb964522896c8d086f165597	dc1a4e95f352400ca00df3a69ad3ea84	6	1148	TSS_up_5kb	0.01
316	TS434L	a6de7399cb964522896c8d086f165597	dc1a4e95f352400ca00df3a69ad3ea84	7	1924	TSS_up_10kb	0.01
317	TS434L	a6de7399cb964522896c8d086f165597	dc1a4e95f352400ca00df3a69ad3ea84	8	1105	TES_down_1kb	0.04
318	TS434L	a6de7399cb964522896c8d086f165597	dc1a4e95f352400ca00df3a69ad3ea84	9	3209	TES_down_5kb	0.03
319	TS434L	a6de7399cb964522896c8d086f165597	dc1a4e95f352400ca00df3a69ad3ea84	10	4537	TES_down_10kb	0.02
320	TS435L	9304ec3e3202460db423690fd1c05244	dc1a4e95f352400ca00df3a69ad3ea84	1	71473	CDS_Exons	1.89
321	TS435L	9304ec3e3202460db423690fd1c05244	dc1a4e95f352400ca00df3a69ad3ea84	3	30401	3'UTR_Exons	0.64
322	TS435L	9304ec3e3202460db423690fd1c05244	dc1a4e95f352400ca00df3a69ad3ea84	5	251	TSS_up_1kb	0.01
323	TS435L	9304ec3e3202460db423690fd1c05244	dc1a4e95f352400ca00df3a69ad3ea84	7	1837	TSS_up_10kb	0.01
324	TS435L	9304ec3e3202460db423690fd1c05244	dc1a4e95f352400ca00df3a69ad3ea84	9	3144	TES_down_5kb	0.03
325	TS435L	9304ec3e3202460db423690fd1c05244	dc1a4e95f352400ca00df3a69ad3ea84	2	5651	5'UTR_Exons	0.3
326	TS435L	9304ec3e3202460db423690fd1c05244	dc1a4e95f352400ca00df3a69ad3ea84	4	93357	Introns	0.06
327	TS435L	9304ec3e3202460db423690fd1c05244	dc1a4e95f352400ca00df3a69ad3ea84	6	1077	TSS_up_5kb	0.01
328	TS435L	9304ec3e3202460db423690fd1c05244	dc1a4e95f352400ca00df3a69ad3ea84	8	941	TES_down_1kb	0.03
329	TS435L	9304ec3e3202460db423690fd1c05244	dc1a4e95f352400ca00df3a69ad3ea84	10	4620	TES_down_10kb	0.02
330	TS436L	0a91f0d0ff7c42f0a72812fb8d9fd7d1	dc1a4e95f352400ca00df3a69ad3ea84	1	70768	CDS_Exons	1.87
331	TS436L	0a91f0d0ff7c42f0a72812fb8d9fd7d1	dc1a4e95f352400ca00df3a69ad3ea84	2	5750	5'UTR_Exons	0.31
332	TS436L	0a91f0d0ff7c42f0a72812fb8d9fd7d1	dc1a4e95f352400ca00df3a69ad3ea84	3	30690	3'UTR_Exons	0.64
333	TS436L	0a91f0d0ff7c42f0a72812fb8d9fd7d1	dc1a4e95f352400ca00df3a69ad3ea84	4	93752	Introns	0.07
334	TS436L	0a91f0d0ff7c42f0a72812fb8d9fd7d1	dc1a4e95f352400ca00df3a69ad3ea84	5	273	TSS_up_1kb	0.01
335	TS436L	0a91f0d0ff7c42f0a72812fb8d9fd7d1	dc1a4e95f352400ca00df3a69ad3ea84	6	1015	TSS_up_5kb	0.01
336	TS436L	0a91f0d0ff7c42f0a72812fb8d9fd7d1	dc1a4e95f352400ca00df3a69ad3ea84	7	1838	TSS_up_10kb	0.01
337	TS436L	0a91f0d0ff7c42f0a72812fb8d9fd7d1	dc1a4e95f352400ca00df3a69ad3ea84	8	1067	TES_down_1kb	0.04
338	TS436L	0a91f0d0ff7c42f0a72812fb8d9fd7d1	dc1a4e95f352400ca00df3a69ad3ea84	9	3341	TES_down_5kb	0.03
339	TS436L	0a91f0d0ff7c42f0a72812fb8d9fd7d1	dc1a4e95f352400ca00df3a69ad3ea84	10	4714	TES_down_10kb	0.02
340	TS437L	be67d60bbfc0481d819d16e82a58613c	dc1a4e95f352400ca00df3a69ad3ea84	2	5568	5'UTR_Exons	0.3
341	TS437L	be67d60bbfc0481d819d16e82a58613c	dc1a4e95f352400ca00df3a69ad3ea84	4	95656	Introns	0.07
342	TS437L	be67d60bbfc0481d819d16e82a58613c	dc1a4e95f352400ca00df3a69ad3ea84	6	1066	TSS_up_5kb	0.01
343	TS437L	be67d60bbfc0481d819d16e82a58613c	dc1a4e95f352400ca00df3a69ad3ea84	1	68750	CDS_Exons	1.81
344	TS437L	be67d60bbfc0481d819d16e82a58613c	dc1a4e95f352400ca00df3a69ad3ea84	3	29907	3'UTR_Exons	0.63
345	TS437L	be67d60bbfc0481d819d16e82a58613c	dc1a4e95f352400ca00df3a69ad3ea84	5	309	TSS_up_1kb	0.01
346	TS437L	be67d60bbfc0481d819d16e82a58613c	dc1a4e95f352400ca00df3a69ad3ea84	7	1850	TSS_up_10kb	0.01
347	TS437L	be67d60bbfc0481d819d16e82a58613c	dc1a4e95f352400ca00df3a69ad3ea84	9	3282	TES_down_5kb	0.03
348	TS437L	be67d60bbfc0481d819d16e82a58613c	dc1a4e95f352400ca00df3a69ad3ea84	8	1085	TES_down_1kb	0.04
349	TS437L	be67d60bbfc0481d819d16e82a58613c	dc1a4e95f352400ca00df3a69ad3ea84	10	4631	TES_down_10kb	0.02
350	TS438L	f3031421df044e2192a02c23fb6cc9ed	dc1a4e95f352400ca00df3a69ad3ea84	1	72046	CDS_Exons	1.9
351	TS438L	f3031421df044e2192a02c23fb6cc9ed	dc1a4e95f352400ca00df3a69ad3ea84	2	6127	5'UTR_Exons	0.33
352	TS438L	f3031421df044e2192a02c23fb6cc9ed	dc1a4e95f352400ca00df3a69ad3ea84	3	30951	3'UTR_Exons	0.65
353	TS438L	f3031421df044e2192a02c23fb6cc9ed	dc1a4e95f352400ca00df3a69ad3ea84	4	91279	Introns	0.06
354	TS438L	f3031421df044e2192a02c23fb6cc9ed	dc1a4e95f352400ca00df3a69ad3ea84	5	310	TSS_up_1kb	0.01
355	TS438L	f3031421df044e2192a02c23fb6cc9ed	dc1a4e95f352400ca00df3a69ad3ea84	6	1024	TSS_up_5kb	0.01
356	TS438L	f3031421df044e2192a02c23fb6cc9ed	dc1a4e95f352400ca00df3a69ad3ea84	7	1786	TSS_up_10kb	0.01
357	TS438L	f3031421df044e2192a02c23fb6cc9ed	dc1a4e95f352400ca00df3a69ad3ea84	8	1174	TES_down_1kb	0.04
358	TS438L	f3031421df044e2192a02c23fb6cc9ed	dc1a4e95f352400ca00df3a69ad3ea84	9	3209	TES_down_5kb	0.03
359	TS438L	f3031421df044e2192a02c23fb6cc9ed	dc1a4e95f352400ca00df3a69ad3ea84	10	4420	TES_down_10kb	0.02
360	TS439L	3db04937201d428cb78ecc873a8026cf	dc1a4e95f352400ca00df3a69ad3ea84	2	5240	5'UTR_Exons	0.28
361	TS439L	3db04937201d428cb78ecc873a8026cf	dc1a4e95f352400ca00df3a69ad3ea84	4	93416	Introns	0.06
362	TS439L	3db04937201d428cb78ecc873a8026cf	dc1a4e95f352400ca00df3a69ad3ea84	6	963	TSS_up_5kb	0.01
363	TS439L	3db04937201d428cb78ecc873a8026cf	dc1a4e95f352400ca00df3a69ad3ea84	8	986	TES_down_1kb	0.04
364	TS439L	3db04937201d428cb78ecc873a8026cf	dc1a4e95f352400ca00df3a69ad3ea84	10	4775	TES_down_10kb	0.02
365	TS439L	3db04937201d428cb78ecc873a8026cf	dc1a4e95f352400ca00df3a69ad3ea84	1	71484	CDS_Exons	1.89
366	TS439L	3db04937201d428cb78ecc873a8026cf	dc1a4e95f352400ca00df3a69ad3ea84	3	30481	3'UTR_Exons	0.64
367	TS439L	3db04937201d428cb78ecc873a8026cf	dc1a4e95f352400ca00df3a69ad3ea84	5	297	TSS_up_1kb	0.01
368	TS439L	3db04937201d428cb78ecc873a8026cf	dc1a4e95f352400ca00df3a69ad3ea84	7	1769	TSS_up_10kb	0.01
369	TS439L	3db04937201d428cb78ecc873a8026cf	dc1a4e95f352400ca00df3a69ad3ea84	9	3432	TES_down_5kb	0.03
370	TS440L	e38d9b09330c4d9f87c6fd6be2ed6969	dc1a4e95f352400ca00df3a69ad3ea84	1	69742	CDS_Exons	1.84
371	TS440L	e38d9b09330c4d9f87c6fd6be2ed6969	dc1a4e95f352400ca00df3a69ad3ea84	2	5442	5'UTR_Exons	0.29
372	TS440L	e38d9b09330c4d9f87c6fd6be2ed6969	dc1a4e95f352400ca00df3a69ad3ea84	3	30225	3'UTR_Exons	0.63
373	TS440L	e38d9b09330c4d9f87c6fd6be2ed6969	dc1a4e95f352400ca00df3a69ad3ea84	4	94777	Introns	0.07
374	TS440L	e38d9b09330c4d9f87c6fd6be2ed6969	dc1a4e95f352400ca00df3a69ad3ea84	5	270	TSS_up_1kb	0.01
375	TS440L	e38d9b09330c4d9f87c6fd6be2ed6969	dc1a4e95f352400ca00df3a69ad3ea84	6	996	TSS_up_5kb	0.01
376	TS440L	e38d9b09330c4d9f87c6fd6be2ed6969	dc1a4e95f352400ca00df3a69ad3ea84	7	1812	TSS_up_10kb	0.01
377	TS440L	e38d9b09330c4d9f87c6fd6be2ed6969	dc1a4e95f352400ca00df3a69ad3ea84	8	997	TES_down_1kb	0.04
378	TS440L	e38d9b09330c4d9f87c6fd6be2ed6969	dc1a4e95f352400ca00df3a69ad3ea84	9	3461	TES_down_5kb	0.03
379	TS440L	e38d9b09330c4d9f87c6fd6be2ed6969	dc1a4e95f352400ca00df3a69ad3ea84	10	4843	TES_down_10kb	0.02
380	TS441L	0bf1b68c65d34015862e453ddf414be8	dc1a4e95f352400ca00df3a69ad3ea84	1	72018	CDS_Exons	1.9
381	TS441L	0bf1b68c65d34015862e453ddf414be8	dc1a4e95f352400ca00df3a69ad3ea84	2	5823	5'UTR_Exons	0.31
382	TS441L	0bf1b68c65d34015862e453ddf414be8	dc1a4e95f352400ca00df3a69ad3ea84	3	30156	3'UTR_Exons	0.63
383	TS441L	0bf1b68c65d34015862e453ddf414be8	dc1a4e95f352400ca00df3a69ad3ea84	4	92047	Introns	0.06
384	TS441L	0bf1b68c65d34015862e453ddf414be8	dc1a4e95f352400ca00df3a69ad3ea84	5	318	TSS_up_1kb	0.01
385	TS441L	0bf1b68c65d34015862e453ddf414be8	dc1a4e95f352400ca00df3a69ad3ea84	6	1066	TSS_up_5kb	0.01
386	TS441L	0bf1b68c65d34015862e453ddf414be8	dc1a4e95f352400ca00df3a69ad3ea84	7	1908	TSS_up_10kb	0.01
387	TS441L	0bf1b68c65d34015862e453ddf414be8	dc1a4e95f352400ca00df3a69ad3ea84	8	1103	TES_down_1kb	0.04
388	TS441L	0bf1b68c65d34015862e453ddf414be8	dc1a4e95f352400ca00df3a69ad3ea84	9	3540	TES_down_5kb	0.03
389	TS441L	0bf1b68c65d34015862e453ddf414be8	dc1a4e95f352400ca00df3a69ad3ea84	10	4919	TES_down_10kb	0.02
390	TS442L	782994ff7ed34bbaabe3c31df30c6ca8	dc1a4e95f352400ca00df3a69ad3ea84	1	74778	CDS_Exons	1.97
391	TS442L	782994ff7ed34bbaabe3c31df30c6ca8	dc1a4e95f352400ca00df3a69ad3ea84	3	30287	3'UTR_Exons	0.64
392	TS442L	782994ff7ed34bbaabe3c31df30c6ca8	dc1a4e95f352400ca00df3a69ad3ea84	5	326	TSS_up_1kb	0.01
393	TS442L	782994ff7ed34bbaabe3c31df30c6ca8	dc1a4e95f352400ca00df3a69ad3ea84	7	1863	TSS_up_10kb	0.01
394	TS442L	782994ff7ed34bbaabe3c31df30c6ca8	dc1a4e95f352400ca00df3a69ad3ea84	9	3971	TES_down_5kb	0.03
395	TS442L	782994ff7ed34bbaabe3c31df30c6ca8	dc1a4e95f352400ca00df3a69ad3ea84	2	6994	5'UTR_Exons	0.37
396	TS442L	782994ff7ed34bbaabe3c31df30c6ca8	dc1a4e95f352400ca00df3a69ad3ea84	4	88036	Introns	0.06
397	TS442L	782994ff7ed34bbaabe3c31df30c6ca8	dc1a4e95f352400ca00df3a69ad3ea84	6	1088	TSS_up_5kb	0.01
398	TS442L	782994ff7ed34bbaabe3c31df30c6ca8	dc1a4e95f352400ca00df3a69ad3ea84	8	1544	TES_down_1kb	0.06
399	TS442L	782994ff7ed34bbaabe3c31df30c6ca8	dc1a4e95f352400ca00df3a69ad3ea84	10	5330	TES_down_10kb	0.02
400	TS443L	8bda6407d4e74fbe8b89d286dc2fd6e9	dc1a4e95f352400ca00df3a69ad3ea84	1	67813	CDS_Exons	1.79
401	TS443L	8bda6407d4e74fbe8b89d286dc2fd6e9	dc1a4e95f352400ca00df3a69ad3ea84	3	29753	3'UTR_Exons	0.62
402	TS443L	8bda6407d4e74fbe8b89d286dc2fd6e9	dc1a4e95f352400ca00df3a69ad3ea84	5	282	TSS_up_1kb	0.01
403	TS443L	8bda6407d4e74fbe8b89d286dc2fd6e9	dc1a4e95f352400ca00df3a69ad3ea84	7	1958	TSS_up_10kb	0.01
404	TS443L	8bda6407d4e74fbe8b89d286dc2fd6e9	dc1a4e95f352400ca00df3a69ad3ea84	9	3644	TES_down_5kb	0.03
405	TS443L	8bda6407d4e74fbe8b89d286dc2fd6e9	dc1a4e95f352400ca00df3a69ad3ea84	2	5586	5'UTR_Exons	0.3
406	TS443L	8bda6407d4e74fbe8b89d286dc2fd6e9	dc1a4e95f352400ca00df3a69ad3ea84	4	94792	Introns	0.07
407	TS443L	8bda6407d4e74fbe8b89d286dc2fd6e9	dc1a4e95f352400ca00df3a69ad3ea84	6	1089	TSS_up_5kb	0.01
408	TS443L	8bda6407d4e74fbe8b89d286dc2fd6e9	dc1a4e95f352400ca00df3a69ad3ea84	8	1309	TES_down_1kb	0.05
409	TS443L	8bda6407d4e74fbe8b89d286dc2fd6e9	dc1a4e95f352400ca00df3a69ad3ea84	10	4895	TES_down_10kb	0.02
410	TS444L	48e87e3068b540e0beb481fd4b34b6ab	dc1a4e95f352400ca00df3a69ad3ea84	1	65800	CDS_Exons	1.74
411	TS444L	48e87e3068b540e0beb481fd4b34b6ab	dc1a4e95f352400ca00df3a69ad3ea84	2	5301	5'UTR_Exons	0.28
412	TS444L	48e87e3068b540e0beb481fd4b34b6ab	dc1a4e95f352400ca00df3a69ad3ea84	3	30714	3'UTR_Exons	0.64
413	TS444L	48e87e3068b540e0beb481fd4b34b6ab	dc1a4e95f352400ca00df3a69ad3ea84	4	97498	Introns	0.07
414	TS444L	48e87e3068b540e0beb481fd4b34b6ab	dc1a4e95f352400ca00df3a69ad3ea84	5	281	TSS_up_1kb	0.01
415	TS444L	48e87e3068b540e0beb481fd4b34b6ab	dc1a4e95f352400ca00df3a69ad3ea84	6	1012	TSS_up_5kb	0.01
416	TS444L	48e87e3068b540e0beb481fd4b34b6ab	dc1a4e95f352400ca00df3a69ad3ea84	7	1894	TSS_up_10kb	0.01
417	TS444L	48e87e3068b540e0beb481fd4b34b6ab	dc1a4e95f352400ca00df3a69ad3ea84	8	1041	TES_down_1kb	0.04
418	TS444L	48e87e3068b540e0beb481fd4b34b6ab	dc1a4e95f352400ca00df3a69ad3ea84	9	3015	TES_down_5kb	0.03
419	TS444L	48e87e3068b540e0beb481fd4b34b6ab	dc1a4e95f352400ca00df3a69ad3ea84	10	4295	TES_down_10kb	0.02
420	TS445L	df91f4735c24407fbac8465f3b4223de	dc1a4e95f352400ca00df3a69ad3ea84	2	4857	5'UTR_Exons	0.26
421	TS445L	df91f4735c24407fbac8465f3b4223de	dc1a4e95f352400ca00df3a69ad3ea84	4	98104	Introns	0.07
422	TS445L	df91f4735c24407fbac8465f3b4223de	dc1a4e95f352400ca00df3a69ad3ea84	6	1027	TSS_up_5kb	0.01
423	TS445L	df91f4735c24407fbac8465f3b4223de	dc1a4e95f352400ca00df3a69ad3ea84	8	1049	TES_down_1kb	0.04
424	TS445L	df91f4735c24407fbac8465f3b4223de	dc1a4e95f352400ca00df3a69ad3ea84	10	4295	TES_down_10kb	0.02
425	TS445L	df91f4735c24407fbac8465f3b4223de	dc1a4e95f352400ca00df3a69ad3ea84	1	65326	CDS_Exons	1.72
426	TS445L	df91f4735c24407fbac8465f3b4223de	dc1a4e95f352400ca00df3a69ad3ea84	3	31302	3'UTR_Exons	0.66
427	TS445L	df91f4735c24407fbac8465f3b4223de	dc1a4e95f352400ca00df3a69ad3ea84	5	263	TSS_up_1kb	0.01
428	TS445L	df91f4735c24407fbac8465f3b4223de	dc1a4e95f352400ca00df3a69ad3ea84	7	1838	TSS_up_10kb	0.01
429	TS445L	df91f4735c24407fbac8465f3b4223de	dc1a4e95f352400ca00df3a69ad3ea84	9	3010	TES_down_5kb	0.03
430	TS446L	361725b0b2b14d179fabeec5f5eb30ab	dc1a4e95f352400ca00df3a69ad3ea84	1	66849	CDS_Exons	1.76
431	TS446L	361725b0b2b14d179fabeec5f5eb30ab	dc1a4e95f352400ca00df3a69ad3ea84	3	30380	3'UTR_Exons	0.64
432	TS446L	361725b0b2b14d179fabeec5f5eb30ab	dc1a4e95f352400ca00df3a69ad3ea84	5	271	TSS_up_1kb	0.01
433	TS446L	361725b0b2b14d179fabeec5f5eb30ab	dc1a4e95f352400ca00df3a69ad3ea84	7	1834	TSS_up_10kb	0.01
434	TS446L	361725b0b2b14d179fabeec5f5eb30ab	dc1a4e95f352400ca00df3a69ad3ea84	9	3259	TES_down_5kb	0.03
435	TS446L	361725b0b2b14d179fabeec5f5eb30ab	dc1a4e95f352400ca00df3a69ad3ea84	2	5072	5'UTR_Exons	0.27
436	TS446L	361725b0b2b14d179fabeec5f5eb30ab	dc1a4e95f352400ca00df3a69ad3ea84	4	96375	Introns	0.07
437	TS446L	361725b0b2b14d179fabeec5f5eb30ab	dc1a4e95f352400ca00df3a69ad3ea84	6	999	TSS_up_5kb	0.01
438	TS446L	361725b0b2b14d179fabeec5f5eb30ab	dc1a4e95f352400ca00df3a69ad3ea84	8	1165	TES_down_1kb	0.04
439	TS446L	361725b0b2b14d179fabeec5f5eb30ab	dc1a4e95f352400ca00df3a69ad3ea84	10	4432	TES_down_10kb	0.02
440	TS447L	718d02a0c66e4a8da8cf772fd189cace	dc1a4e95f352400ca00df3a69ad3ea84	1	65924	CDS_Exons	1.74
441	TS447L	718d02a0c66e4a8da8cf772fd189cace	dc1a4e95f352400ca00df3a69ad3ea84	3	31676	3'UTR_Exons	0.66
442	TS447L	718d02a0c66e4a8da8cf772fd189cace	dc1a4e95f352400ca00df3a69ad3ea84	5	289	TSS_up_1kb	0.01
443	TS447L	718d02a0c66e4a8da8cf772fd189cace	dc1a4e95f352400ca00df3a69ad3ea84	7	1923	TSS_up_10kb	0.01
444	TS447L	718d02a0c66e4a8da8cf772fd189cace	dc1a4e95f352400ca00df3a69ad3ea84	9	3316	TES_down_5kb	0.03
445	TS447L	718d02a0c66e4a8da8cf772fd189cace	dc1a4e95f352400ca00df3a69ad3ea84	2	4910	5'UTR_Exons	0.26
446	TS447L	718d02a0c66e4a8da8cf772fd189cace	dc1a4e95f352400ca00df3a69ad3ea84	4	96548	Introns	0.07
447	TS447L	718d02a0c66e4a8da8cf772fd189cace	dc1a4e95f352400ca00df3a69ad3ea84	6	1040	TSS_up_5kb	0.01
448	TS447L	718d02a0c66e4a8da8cf772fd189cace	dc1a4e95f352400ca00df3a69ad3ea84	8	1143	TES_down_1kb	0.04
449	TS447L	718d02a0c66e4a8da8cf772fd189cace	dc1a4e95f352400ca00df3a69ad3ea84	10	4641	TES_down_10kb	0.02
450	TS448L	f63bd40539d34f90917c56a6db796ab4	dc1a4e95f352400ca00df3a69ad3ea84	1	63253	CDS_Exons	1.67
451	TS448L	f63bd40539d34f90917c56a6db796ab4	dc1a4e95f352400ca00df3a69ad3ea84	2	4762	5'UTR_Exons	0.25
452	TS448L	f63bd40539d34f90917c56a6db796ab4	dc1a4e95f352400ca00df3a69ad3ea84	3	31590	3'UTR_Exons	0.66
453	TS448L	f63bd40539d34f90917c56a6db796ab4	dc1a4e95f352400ca00df3a69ad3ea84	4	99296	Introns	0.07
454	TS448L	f63bd40539d34f90917c56a6db796ab4	dc1a4e95f352400ca00df3a69ad3ea84	5	252	TSS_up_1kb	0.01
455	TS448L	f63bd40539d34f90917c56a6db796ab4	dc1a4e95f352400ca00df3a69ad3ea84	6	1060	TSS_up_5kb	0.01
456	TS448L	f63bd40539d34f90917c56a6db796ab4	dc1a4e95f352400ca00df3a69ad3ea84	7	1870	TSS_up_10kb	0.01
457	TS448L	f63bd40539d34f90917c56a6db796ab4	dc1a4e95f352400ca00df3a69ad3ea84	8	1033	TES_down_1kb	0.04
458	TS448L	f63bd40539d34f90917c56a6db796ab4	dc1a4e95f352400ca00df3a69ad3ea84	9	3132	TES_down_5kb	0.03
459	TS448L	f63bd40539d34f90917c56a6db796ab4	dc1a4e95f352400ca00df3a69ad3ea84	10	4495	TES_down_10kb	0.02
460	TS449L	fe2856e55d9f42d1aa253a8b4e12fdad	dc1a4e95f352400ca00df3a69ad3ea84	1	63831	CDS_Exons	1.68
461	TS449L	fe2856e55d9f42d1aa253a8b4e12fdad	dc1a4e95f352400ca00df3a69ad3ea84	2	4785	5'UTR_Exons	0.26
462	TS449L	fe2856e55d9f42d1aa253a8b4e12fdad	dc1a4e95f352400ca00df3a69ad3ea84	3	31606	3'UTR_Exons	0.66
463	TS449L	fe2856e55d9f42d1aa253a8b4e12fdad	dc1a4e95f352400ca00df3a69ad3ea84	4	98668	Introns	0.07
464	TS449L	fe2856e55d9f42d1aa253a8b4e12fdad	dc1a4e95f352400ca00df3a69ad3ea84	5	295	TSS_up_1kb	0.01
465	TS449L	fe2856e55d9f42d1aa253a8b4e12fdad	dc1a4e95f352400ca00df3a69ad3ea84	6	1042	TSS_up_5kb	0.01
466	TS449L	fe2856e55d9f42d1aa253a8b4e12fdad	dc1a4e95f352400ca00df3a69ad3ea84	7	1934	TSS_up_10kb	0.01
467	TS449L	fe2856e55d9f42d1aa253a8b4e12fdad	dc1a4e95f352400ca00df3a69ad3ea84	8	1069	TES_down_1kb	0.04
468	TS449L	fe2856e55d9f42d1aa253a8b4e12fdad	dc1a4e95f352400ca00df3a69ad3ea84	9	3219	TES_down_5kb	0.03
469	TS449L	fe2856e55d9f42d1aa253a8b4e12fdad	dc1a4e95f352400ca00df3a69ad3ea84	10	4603	TES_down_10kb	0.02
